{
    "$schema": "https://schema.management.azure.com/schemas/2015-01-01/deploymentParameters.json#",
    "contentVersion": "1.0.0.0",
    "parameters": {
        "resourceBaseName": {
            "value": "TCCHAT-${{RESOURCE_SUFFIX}}"
        },
        "webAppSKU": {
            "value": "B1"
        },
        "botDisplayName": {
            "value": "TCCHAT"
        },
        "azureOpenAIEndpoint": {
            "value": "${{AZURE_OPENAI_ENDPOINT}}"
        },
        "azureOpenAIDeployment": {
            "value": "${{AZURE_OPENAI_DEPLOYMENT}}"
        }
    }
}